TP100, 114.30, 60.96, 90.00, TESTPOINT_TPS-SMD-10SN, TESTPOINT_SMD-10SN
TP101, 111.76, 60.96, 90.00, TESTPOINT_TPS-SMD-10SN, TESTPOINT_SMD-10SN
TP102, 109.22, 60.96, 90.00, TESTPOINT_TPS-SMD-10SN, TESTPOINT_SMD-10SN
TP103, 106.68, 60.96, 90.00, TESTPOINT_TPS-SMD-10SN, TESTPOINT_SMD-10SN
TP104, 104.14, 60.96, 90.00, TESTPOINT_TPS-SMD-10SN, TESTPOINT_SMD-10SN
TP105, 101.60, 60.96, 90.00, TESTPOINT_TPS-SMD-10SN, TESTPOINT_SMD-10SN
TP106, 99.06, 60.96, 90.00, TESTPOINT_TPS-SMD-10SN, TESTPOINT_SMD-10SN
TP107, 96.52, 60.96, 90.00, TESTPOINT_TPS-SMD-10SN, TESTPOINT_SMD-10SN
TP108, 93.98, 60.96, 90.00, TESTPOINT_TPS-SMD-10SN, TESTPOINT_SMD-10SN
TP109, 91.44, 60.96, 90.00, TESTPOINT_TPS-SMD-10SN, TESTPOINT_SMD-10SN
TP110, 86.36, 34.93, 180.00, TESTPOINT_TPS-SMD-10SN, TESTPOINT_SMD-10SN
TP111, 80.01, 29.85, 180.00, TESTPOINT_TPS-SMD-10SN, TESTPOINT_SMD-10SN
TP112, 80.01, 35.56, 180.00, TESTPOINT_TPS-SMD-10SN, TESTPOINT_SMD-10SN
TP113, 80.01, 38.10, 180.00, TESTPOINT_TPS-SMD-10SN, TESTPOINT_SMD-10SN
TP114, 80.01, 43.18, 180.00, TESTPOINT_TPS-SMD-10SN, TESTPOINT_SMD-10SN
TP115, 80.01, 45.72, 180.00, TESTPOINT_TPS-SMD-10SN, TESTPOINT_SMD-10SN
TP116, 80.01, 49.53, 180.00, TESTPOINT_TPS-SMD-10SN, TESTPOINT_SMD-10SN
U101, 69.85, 40.64, 90.00, TLE9201SG, IC_TLE9201SG
